CODI_MUNICIPI;DESC_MUN_REDUIDA;
08001;Abrera;{'08001','Abrera'},
08002;Aguilar de Segarra;{'08002','Aguilar de Segarra'},
08003;Alella;{'08003','Alella'},
08004;Alpens;{'08004','Alpens'},
08005;Ametlla del Vallès, L\';{'08005','Ametlla del Vallès, L\''},
08006;Arenys de Mar;{'08006','Arenys de Mar'},
08007;Arenys de Munt;{'08007','Arenys de Munt'},
08008;Argençola;{'08008','Argençola'},
08009;Argentona;{'08009','Argentona'},
08010;Artés;{'08010','Artés'},
08011;Avià;{'08011','Avià'},
08012;Avinyó;{'08012','Avinyó'},
08013;Avinyonet del Penedès;{'08013','Avinyonet del Penedès'},
08014;Aiguafreda;{'08014','Aiguafreda'},
08015;Badalona;{'08015','Badalona'},
08016;Bagà;{'08016','Bagà'},
08017;Balenyà;{'08017','Balenyà'},
08018;Balsareny;{'08018','Balsareny'},
08019;Barcelona;{'08019','Barcelona'},
08020;Begues;{'08020','Begues'},
08021;Bellprat;{'08021','Bellprat'},
08022;Berga;{'08022','Berga'},
08023;Bigues i Riells;{'08023','Bigues i Riells'},
08024;Borredà;{'08024','Borredà'},
08025;Bruc, El;{'08025','Bruc, El'},
08026;Brull, El;{'08026','Brull, El'},
08027;Cabanyes, Les;{'08027','Cabanyes, Les'},
08028;Cabrera d\'Anoia;{'08028','Cabrera d\'Anoia'},
08029;Cabrera de Mar;{'08029','Cabrera de Mar'},
08030;Cabrils;{'08030','Cabrils'},
08031;Calaf;{'08031','Calaf'},
08032;Caldes d\'Estrac;{'08032','Caldes d\'Estrac'},
08033;Caldes de Montbui;{'08033','Caldes de Montbui'},
08034;Calders;{'08034','Calders'},
08035;Calella;{'08035','Calella'},
08036;Calonge de Segarra;{'08036','Calonge de Segarra'},
08037;Calldetenes;{'08037','Calldetenes'},
08038;Callús;{'08038','Callús'},
08039;Campins;{'08039','Campins'},
08040;Canet de Mar;{'08040','Canet de Mar'},
08041;Canovelles;{'08041','Canovelles'},
08042;Cànoves i Samalús;{'08042','Cànoves i Samalús'},
08043;Canyelles;{'08043','Canyelles'},
08044;Capellades;{'08044','Capellades'},
08045;Capolat;{'08045','Capolat'},
08046;Cardedeu;{'08046','Cardedeu'},
08047;Cardona;{'08047','Cardona'},
08048;Carme;{'08048','Carme'},
08049;Casserres;{'08049','Casserres'},
08050;Castellar del Riu;{'08050','Castellar del Riu'},
08051;Castellar del Vallès;{'08051','Castellar del Vallès'},
08052;Castellar de n\'Hug;{'08052','Castellar de n\'Hug'},
08053;Castellbell i el Vilar;{'08053','Castellbell i el Vilar'},
08054;Castellbisbal;{'08054','Castellbisbal'},
08055;Castellcir;{'08055','Castellcir'},
08056;Castelldefels;{'08056','Castelldefels'},
08057;Castell de l\'Areny;{'08057','Castell de l\'Areny'},
08058;Castellet i la Gornal;{'08058','Castellet i la Gornal'},
08059;Castellfollit del Boix;{'08059','Castellfollit del Boix'},
08060;Castellfollit de Riubregós;{'08060','Castellfollit de Riubregós'},
08061;Castellgalí;{'08061','Castellgalí'},
08062;Castellnou de Bages;{'08062','Castellnou de Bages'},
08063;Castellolí;{'08063','Castellolí'},
08064;Castellterçol;{'08064','Castellterçol'},
08065;Castellví de la Marca;{'08065','Castellví de la Marca'},
08066;Castellví de Rosanes;{'08066','Castellví de Rosanes'},
08067;Centelles;{'08067','Centelles'},
08068;Cervelló;{'08068','Cervelló'},
08069;Collbató;{'08069','Collbató'},
08070;Collsuspina;{'08070','Collsuspina'},
08071;Copons;{'08071','Copons'},
08072;Corbera de Llobregat;{'08072','Corbera de Llobregat'},
08073;Cornellà de Llobregat;{'08073','Cornellà de Llobregat'},
08074;Cubelles;{'08074','Cubelles'},
08075;Dosrius;{'08075','Dosrius'},
08076;Esparreguera;{'08076','Esparreguera'},
08077;Esplugues de Llobregat;{'08077','Esplugues de Llobregat'},
08078;Espunyola, L\';{'08078','Espunyola, L\''},
08079;Estany, L\';{'08079','Estany, L\''},
08080;Fígols;{'08080','Fígols'},
08081;Fogars de Montclús;{'08081','Fogars de Montclús'},
08082;Fogars de la Selva;{'08082','Fogars de la Selva'},
08083;Folgueroles;{'08083','Folgueroles'},
08084;Fonollosa;{'08084','Fonollosa'},
08085;Font-rubí;{'08085','Font-rubí'},
08086;Franqueses del Vallès, Les;{'08086','Franqueses del Vallès, Les'},
08087;Gallifa;{'08087','Gallifa'},
08088;Garriga, La;{'08088','Garriga, La'},
08089;Gavà;{'08089','Gavà'},
08090;Gaià;{'08090','Gaià'},
08091;Gelida;{'08091','Gelida'},
08092;Gironella;{'08092','Gironella'},
08093;Gisclareny;{'08093','Gisclareny'},
08094;Granada, La;{'08094','Granada, La'},
08095;Granera;{'08095','Granera'},
08096;Granollers;{'08096','Granollers'},
08097;Gualba;{'08097','Gualba'},
08098;Sant Salvador de Guardiola;{'08098','Sant Salvador de Guardiola'},
08099;Guardiola de Berguedà;{'08099','Guardiola de Berguedà'},
08100;Gurb;{'08100','Gurb'},
08101;Hospitalet de Llobregat, L\';{'08101','Hospitalet de Llobregat, L\''},
08102;Igualada;{'08102','Igualada'},
08103;Jorba;{'08103','Jorba'},
08104;Llacuna, La;{'08104','Llacuna, La'},
08105;Llagosta, La;{'08105','Llagosta, La'},
08106;Llinars del Vallès;{'08106','Llinars del Vallès'},
08107;Lliçà d\'Amunt;{'08107','Lliçà d\'Amunt'},
08108;Lliçà de Vall;{'08108','Lliçà de Vall'},
08109;Lluçà;{'08109','Lluçà'},
08110;Malgrat de Mar;{'08110','Malgrat de Mar'},
08111;Malla;{'08111','Malla'},
08112;Manlleu;{'08112','Manlleu'},
08113;Manresa;{'08113','Manresa'},
08114;Martorell;{'08114','Martorell'},
08115;Martorelles;{'08115','Martorelles'},
08116;Masies de Roda, Les;{'08116','Masies de Roda, Les'},
08117;Masies de Voltregà, Les;{'08117','Masies de Voltregà, Les'},
08118;Masnou, El;{'08118','Masnou, El'},
08119;Masquefa;{'08119','Masquefa'},
08120;Matadepera;{'08120','Matadepera'},
08121;Mataró;{'08121','Mataró'},
08122;Mediona;{'08122','Mediona'},
08123;Molins de Rei;{'08123','Molins de Rei'},
08124;Mollet del Vallès;{'08124','Mollet del Vallès'},
08125;Montcada i Reixac;{'08125','Montcada i Reixac'},
08126;Montgat;{'08126','Montgat'},
08127;Monistrol de Montserrat;{'08127','Monistrol de Montserrat'},
08128;Monistrol de Calders;{'08128','Monistrol de Calders'},
08129;Muntanyola;{'08129','Muntanyola'},
08130;Montclar;{'08130','Montclar'},
08131;Montesquiu;{'08131','Montesquiu'},
08132;Montmajor;{'08132','Montmajor'},
08133;Montmaneu;{'08133','Montmaneu'},
08134;Figaró-Montmany;{'08134','Figaró-Montmany'},
08135;Montmeló;{'08135','Montmeló'},
08136;Montornès del Vallès;{'08136','Montornès del Vallès'},
08137;Montseny;{'08137','Montseny'},
08138;Moià;{'08138','Moià'},
08139;Mura;{'08139','Mura'},
08140;Navarcles;{'08140','Navarcles'},
08141;Navàs;{'08141','Navàs'},
08142;Nou de Berguedà, La;{'08142','Nou de Berguedà, La'},
08143;Òdena;{'08143','Òdena'},
08144;Olvan;{'08144','Olvan'},
08145;Olèrdola;{'08145','Olèrdola'},
08146;Olesa de Bonesvalls;{'08146','Olesa de Bonesvalls'},
08147;Olesa de Montserrat;{'08147','Olesa de Montserrat'},
08148;Olivella;{'08148','Olivella'},
08149;Olost;{'08149','Olost'},
08150;Orís;{'08150','Orís'},
08151;Oristà;{'08151','Oristà'},
08152;Orpí;{'08152','Orpí'},
08153;Òrrius;{'08153','Òrrius'},
08154;Pacs del Penedès;{'08154','Pacs del Penedès'},
08155;Palafolls;{'08155','Palafolls'},
08156;Palau-solità i Plegamans;{'08156','Palau-solità i Plegamans'},
08157;Pallejà;{'08157','Pallejà'},
08158;Papiol, El;{'08158','Papiol, El'},
08159;Parets del Vallès;{'08159','Parets del Vallès'},
08160;Perafita;{'08160','Perafita'},
08161;Piera;{'08161','Piera'},
08162;Hostalets de Pierola, Els;{'08162','Hostalets de Pierola, Els'},
08163;Pineda de Mar;{'08163','Pineda de Mar'},
08164;Pla del Penedès, El;{'08164','Pla del Penedès, El'},
08165;Pobla de Claramunt, La;{'08165','Pobla de Claramunt, La'},
08166;Pobla de Lillet, La;{'08166','Pobla de Lillet, La'},
08167;Polinyà;{'08167','Polinyà'},
08168;Pontons;{'08168','Pontons'},
08169;Prat de Llobregat, El;{'08169','Prat de Llobregat, El'},
08170;Prats de Rei, Els;{'08170','Prats de Rei, Els'},
08171;Prats de Lluçanès;{'08171','Prats de Lluçanès'},
08172;Premià de Mar;{'08172','Premià de Mar'},
08174;Puigdàlber;{'08174','Puigdàlber'},
08175;Puig-reig;{'08175','Puig-reig'},
08176;Pujalt;{'08176','Pujalt'},
08177;Quar, La;{'08177','Quar, La'},
08178;Rajadell;{'08178','Rajadell'},
08179;Rellinars;{'08179','Rellinars'},
08180;Ripollet;{'08180','Ripollet'},
08181;Roca del Vallès, La;{'08181','Roca del Vallès, La'},
08182;Pont de Vilomara i Rocafort, El;{'08182','Pont de Vilomara i Rocafort, El'},
08183;Roda de Ter;{'08183','Roda de Ter'},
08184;Rubí;{'08184','Rubí'},
08185;Rubió;{'08185','Rubió'},
08187;Sabadell;{'08187','Sabadell'},
08188;Sagàs;{'08188','Sagàs'},
08189;Sant Pere Sallavinera;{'08189','Sant Pere Sallavinera'},
08190;Saldes;{'08190','Saldes'},
08191;Sallent;{'08191','Sallent'},
08192;Santpedor;{'08192','Santpedor'},
08193;Sant Iscle de Vallalta;{'08193','Sant Iscle de Vallalta'},
08194;Sant Adrià de Besòs;{'08194','Sant Adrià de Besòs'},
08195;Sant Agustí de Lluçanès;{'08195','Sant Agustí de Lluçanès'},
08196;Sant Andreu de la Barca;{'08196','Sant Andreu de la Barca'},
08197;Sant Andreu de Llavaneres;{'08197','Sant Andreu de Llavaneres'},
08198;Sant Antoni de Vilamajor;{'08198','Sant Antoni de Vilamajor'},
08199;Sant Bartomeu del Grau;{'08199','Sant Bartomeu del Grau'},
08200;Sant Boi de Llobregat;{'08200','Sant Boi de Llobregat'},
08201;Sant Boi de Lluçanès;{'08201','Sant Boi de Lluçanès'},
08202;Sant Celoni;{'08202','Sant Celoni'},
08203;Sant Cebrià de Vallalta;{'08203','Sant Cebrià de Vallalta'},
08204;Sant Climent de Llobregat;{'08204','Sant Climent de Llobregat'},
08205;Sant Cugat del Vallès;{'08205','Sant Cugat del Vallès'},
08206;Sant Cugat Sesgarrigues;{'08206','Sant Cugat Sesgarrigues'},
08207;Sant Esteve de Palautordera;{'08207','Sant Esteve de Palautordera'},
08208;Sant Esteve Sesrovires;{'08208','Sant Esteve Sesrovires'},
08209;Sant Fost de Campsentelles;{'08209','Sant Fost de Campsentelles'},
08210;Sant Feliu de Codines;{'08210','Sant Feliu de Codines'},
08211;Sant Feliu de Llobregat;{'08211','Sant Feliu de Llobregat'},
08212;Sant Feliu Sasserra;{'08212','Sant Feliu Sasserra'},
08213;Sant Fruitós de Bages;{'08213','Sant Fruitós de Bages'},
08214;Vilassar de Dalt;{'08214','Vilassar de Dalt'},
08215;Sant Hipòlit de Voltregà;{'08215','Sant Hipòlit de Voltregà'},
08216;Sant Jaume de Frontanyà;{'08216','Sant Jaume de Frontanyà'},
08217;Sant Joan Despí;{'08217','Sant Joan Despí'},
08218;Sant Joan de Vilatorrada;{'08218','Sant Joan de Vilatorrada'},
08219;Vilassar de Mar;{'08219','Vilassar de Mar'},
08220;Sant Julià de Vilatorta;{'08220','Sant Julià de Vilatorta'},
08221;Sant Just Desvern;{'08221','Sant Just Desvern'},
08222;Sant Llorenç d\'Hortons;{'08222','Sant Llorenç d\'Hortons'},
08223;Sant Llorenç Savall;{'08223','Sant Llorenç Savall'},
08224;Sant Martí de Centelles;{'08224','Sant Martí de Centelles'},
08225;Sant Martí d\'Albars;{'08225','Sant Martí d\'Albars'},
08226;Sant Martí de Tous;{'08226','Sant Martí de Tous'},
08227;Sant Martí Sarroca;{'08227','Sant Martí Sarroca'},
08228;Sant Martí Sesgueioles;{'08228','Sant Martí Sesgueioles'},
08229;Sant Mateu de Bages;{'08229','Sant Mateu de Bages'},
08230;Premià de Dalt;{'08230','Premià de Dalt'},
08231;Sant Pere de Ribes;{'08231','Sant Pere de Ribes'},
08232;Sant Pere de Riudebitlles;{'08232','Sant Pere de Riudebitlles'},
08233;Sant Pere de Torelló;{'08233','Sant Pere de Torelló'},
08234;Sant Pere de Vilamajor;{'08234','Sant Pere de Vilamajor'},
08235;Sant Pol de Mar;{'08235','Sant Pol de Mar'},
08236;Sant Quintí de Mediona;{'08236','Sant Quintí de Mediona'},
08237;Sant Quirze de Besora;{'08237','Sant Quirze de Besora'},
08238;Sant Quirze del Vallès;{'08238','Sant Quirze del Vallès'},
08239;Sant Quirze Safaja;{'08239','Sant Quirze Safaja'},
08240;Sant Sadurní d\'Anoia;{'08240','Sant Sadurní d\'Anoia'},
08241;Sant Sadurní d\'Osormort;{'08241','Sant Sadurní d\'Osormort'},
08242;Marganell;{'08242','Marganell'},
08243;Santa Cecília de Voltregà;{'08243','Santa Cecília de Voltregà'},
08244;Santa Coloma de Cervelló;{'08244','Santa Coloma de Cervelló'},
08245;Santa Coloma de Gramenet;{'08245','Santa Coloma de Gramenet'},
08246;Santa Eugènia de Berga;{'08246','Santa Eugènia de Berga'},
08247;Santa Eulàlia de Riuprimer;{'08247','Santa Eulàlia de Riuprimer'},
08248;Santa Eulàlia de Ronçana;{'08248','Santa Eulàlia de Ronçana'},
08249;Santa Fe del Penedès;{'08249','Santa Fe del Penedès'},
08250;Santa Margarida de Montbui;{'08250','Santa Margarida de Montbui'},
08251;Santa Margarida i els Monjos;{'08251','Santa Margarida i els Monjos'},
08252;Barberà del Vallès;{'08252','Barberà del Vallès'},
08253;Santa Maria de Besora;{'08253','Santa Maria de Besora'},
08254;Esquirol, L\';{'08254','Esquirol, L\''},
08255;Santa Maria de Merlès;{'08255','Santa Maria de Merlès'},
08256;Santa Maria de Martorelles;{'08256','Santa Maria de Martorelles'},
08257;Santa Maria de Miralles;{'08257','Santa Maria de Miralles'},
08258;Santa Maria d\'Oló;{'08258','Santa Maria d\'Oló'},
08259;Santa Maria de Palautordera;{'08259','Santa Maria de Palautordera'},
08260;Santa Perpètua de Mogoda;{'08260','Santa Perpètua de Mogoda'},
08261;Santa Susanna;{'08261','Santa Susanna'},
08262;Sant Vicenç de Castellet;{'08262','Sant Vicenç de Castellet'},
08263;Sant Vicenç dels Horts;{'08263','Sant Vicenç dels Horts'},
08264;Sant Vicenç de Montalt;{'08264','Sant Vicenç de Montalt'},
08265;Sant Vicenç de Torelló;{'08265','Sant Vicenç de Torelló'},
08266;Cerdanyola del Vallès;{'08266','Cerdanyola del Vallès'},
08267;Sentmenat;{'08267','Sentmenat'},
08268;Cercs;{'08268','Cercs'},
08269;Seva;{'08269','Seva'},
08270;Sitges;{'08270','Sitges'},
08271;Sobremunt;{'08271','Sobremunt'},
08272;Sora;{'08272','Sora'},
08273;Subirats;{'08273','Subirats'},
08274;Súria;{'08274','Súria'},
08275;Tavèrnoles;{'08275','Tavèrnoles'},
08276;Tagamanent;{'08276','Tagamanent'},
08277;Talamanca;{'08277','Talamanca'},
08278;Taradell;{'08278','Taradell'},
08279;Terrassa;{'08279','Terrassa'},
08280;Tavertet;{'08280','Tavertet'},
08281;Teià;{'08281','Teià'},
08282;Tiana;{'08282','Tiana'},
08283;Tona;{'08283','Tona'},
08284;Tordera;{'08284','Tordera'},
08285;Torelló;{'08285','Torelló'},
08286;Torre de Claramunt, La;{'08286','Torre de Claramunt, La'},
08287;Torrelavit;{'08287','Torrelavit'},
08288;Torrelles de Foix;{'08288','Torrelles de Foix'},
08289;Torrelles de Llobregat;{'08289','Torrelles de Llobregat'},
08290;Ullastrell;{'08290','Ullastrell'},
08291;Vacarisses;{'08291','Vacarisses'},
08292;Vallbona d\'Anoia;{'08292','Vallbona d\'Anoia'},
08293;Vallcebre;{'08293','Vallcebre'},
08294;Vallgorguina;{'08294','Vallgorguina'},
08295;Vallirana;{'08295','Vallirana'},
08296;Vallromanes;{'08296','Vallromanes'},
08297;Veciana;{'08297','Veciana'},
08298;Vic;{'08298','Vic'},
08299;Vilada;{'08299','Vilada'},
08300;Viladecavalls;{'08300','Viladecavalls'},
08301;Viladecans;{'08301','Viladecans'},
08302;Vilanova del Camí;{'08302','Vilanova del Camí'},
08303;Vilanova de Sau;{'08303','Vilanova de Sau'},
08304;Vilobí del Penedès;{'08304','Vilobí del Penedès'},
08305;Vilafranca del Penedès;{'08305','Vilafranca del Penedès'},
08306;Vilalba Sasserra;{'08306','Vilalba Sasserra'},
08307;Vilanova i la Geltrú;{'08307','Vilanova i la Geltrú'},
08308;Viver i Serrateix;{'08308','Viver i Serrateix'},
08901;Rupit i Pruit;{'08901','Rupit i Pruit'},
08902;Vilanova del Vallès;{'08902','Vilanova del Vallès'},
08903;Sant Julià de Cerdanyola;{'08903','Sant Julià de Cerdanyola'},
08904;Badia del Vallès;{'08904','Badia del Vallès'},
08905;Palma de Cervelló, La;{'08905','Palma de Cervelló, La'},
17001;Agullana;{'17001','Agullana'},
17002;Aiguaviva;{'17002','Aiguaviva'},
17003;Albanyà;{'17003','Albanyà'},
17004;Albons;{'17004','Albons'},
17005;Far d\'Empordà, El;{'17005','Far d\'Empordà, El'},
17006;Alp;{'17006','Alp'},
17007;Amer;{'17007','Amer'},
17008;Anglès;{'17008','Anglès'},
17009;Arbúcies;{'17009','Arbúcies'},
17010;Argelaguer;{'17010','Argelaguer'},
17011;Armentera, L\';{'17011','Armentera, L\''},
17012;Avinyonet de Puigventós;{'17012','Avinyonet de Puigventós'},
17013;Begur;{'17013','Begur'},
17014;Vajol, La;{'17014','Vajol, La'},
17015;Banyoles;{'17015','Banyoles'},
17016;Bàscara;{'17016','Bàscara'},
17018;Bellcaire d\'Empordà;{'17018','Bellcaire d\'Empordà'},
17019;Besalú;{'17019','Besalú'},
17020;Bescanó;{'17020','Bescanó'},
17021;Beuda;{'17021','Beuda'},
17022;Bisbal d\'Empordà, La;{'17022','Bisbal d\'Empordà, La'},
17023;Blanes;{'17023','Blanes'},
17024;Bolvir;{'17024','Bolvir'},
17025;Bordils;{'17025','Bordils'},
17026;Borrassà;{'17026','Borrassà'},
17027;Breda;{'17027','Breda'},
17028;Brunyola;{'17028','Brunyola'},
17029;Boadella i les Escaules;{'17029','Boadella i les Escaules'},
17030;Cabanes;{'17030','Cabanes'},
17031;Cabanelles;{'17031','Cabanelles'},
17032;Cadaqués;{'17032','Cadaqués'},
17033;Caldes de Malavella;{'17033','Caldes de Malavella'},
17034;Calonge;{'17034','Calonge'},
17035;Camós;{'17035','Camós'},
17036;Campdevànol;{'17036','Campdevànol'},
17037;Campelles;{'17037','Campelles'},
17038;Campllong;{'17038','Campllong'},
17039;Camprodon;{'17039','Camprodon'},
17040;Canet d\'Adri;{'17040','Canet d\'Adri'},
17041;Cantallops;{'17041','Cantallops'},
17042;Capmany;{'17042','Capmany'},
17043;Queralbs;{'17043','Queralbs'},
17044;Cassà de la Selva;{'17044','Cassà de la Selva'},
17046;Castellfollit de la Roca;{'17046','Castellfollit de la Roca'},
17047;Castelló d\'Empúries;{'17047','Castelló d\'Empúries'},
17048;Castell-Platja d\'Aro;{'17048','Castell-Platja d\'Aro'},
17049;Celrà;{'17049','Celrà'},
17050;Cervià de Ter;{'17050','Cervià de Ter'},
17051;Cistella;{'17051','Cistella'},
17052;Siurana;{'17052','Siurana'},
17054;Colera;{'17054','Colera'},
17055;Colomers;{'17055','Colomers'},
17056;Cornellà del Terri;{'17056','Cornellà del Terri'},
17057;Corçà;{'17057','Corçà'},
17058;Crespià;{'17058','Crespià'},
17060;Darnius;{'17060','Darnius'},
17061;Das;{'17061','Das'},
17062;Escala, L\';{'17062','Escala, L\''},
17063;Espinelves;{'17063','Espinelves'},
17064;Espolla;{'17064','Espolla'},
17065;Esponellà;{'17065','Esponellà'},
17066;Figueres;{'17066','Figueres'},
17067;Flaçà;{'17067','Flaçà'},
17068;Foixà;{'17068','Foixà'},
17069;Fontanals de Cerdanya;{'17069','Fontanals de Cerdanya'},
17070;Fontanilles;{'17070','Fontanilles'},
17071;Fontcoberta;{'17071','Fontcoberta'},
17073;Fornells de la Selva;{'17073','Fornells de la Selva'},
17074;Fortià;{'17074','Fortià'},
17075;Garrigàs;{'17075','Garrigàs'},
17076;Garrigoles;{'17076','Garrigoles'},
17077;Garriguella;{'17077','Garriguella'},
17078;Ger;{'17078','Ger'},
17079;Girona;{'17079','Girona'},
17080;Gombrèn;{'17080','Gombrèn'},
17081;Gualta;{'17081','Gualta'},
17082;Guils de Cerdanya;{'17082','Guils de Cerdanya'},
17083;Hostalric;{'17083','Hostalric'},
17084;Isòvol;{'17084','Isòvol'},
17085;Jafre;{'17085','Jafre'},
17086;Jonquera, La;{'17086','Jonquera, La'},
17087;Juià;{'17087','Juià'},
17088;Lladó;{'17088','Lladó'},
17089;Llagostera;{'17089','Llagostera'},
17090;Llambilles;{'17090','Llambilles'},
17091;Llanars;{'17091','Llanars'},
17092;Llançà;{'17092','Llançà'},
17093;Llers;{'17093','Llers'},
17094;Llívia;{'17094','Llívia'},
17095;Lloret de Mar;{'17095','Lloret de Mar'},
17096;Llosses, Les;{'17096','Llosses, Les'},
17097;Madremanya;{'17097','Madremanya'},
17098;Maià de Montcal;{'17098','Maià de Montcal'},
17099;Meranges;{'17099','Meranges'},
17100;Masarac;{'17100','Masarac'},
17101;Massanes;{'17101','Massanes'},
17102;Maçanet de Cabrenys;{'17102','Maçanet de Cabrenys'},
17103;Maçanet de la Selva;{'17103','Maçanet de la Selva'},
17105;Mieres;{'17105','Mieres'},
17106;Mollet de Peralada;{'17106','Mollet de Peralada'},
17107;Molló;{'17107','Molló'},
17109;Montagut i Oix;{'17109','Montagut i Oix'},
17110;Mont-ras;{'17110','Mont-ras'},
17111;Navata;{'17111','Navata'},
17112;Ogassa;{'17112','Ogassa'},
17114;Olot;{'17114','Olot'},
17115;Ordis;{'17115','Ordis'},
17116;Osor;{'17116','Osor'},
17117;Palafrugell;{'17117','Palafrugell'},
17118;Palamós;{'17118','Palamós'},
17119;Palau de Santa Eulàlia;{'17119','Palau de Santa Eulàlia'},
17120;Palau-saverdera;{'17120','Palau-saverdera'},
17121;Palau-sator;{'17121','Palau-sator'},
17123;Palol de Revardit;{'17123','Palol de Revardit'},
17124;Pals;{'17124','Pals'},
17125;Pardines;{'17125','Pardines'},
17126;Parlavà;{'17126','Parlavà'},
17128;Pau;{'17128','Pau'},
17129;Pedret i Marzà;{'17129','Pedret i Marzà'},
17130;Pera, La;{'17130','Pera, La'},
17132;Peralada;{'17132','Peralada'},
17133;Planes d\'Hostoles, Les;{'17133','Planes d\'Hostoles, Les'},
17134;Planoles;{'17134','Planoles'},
17135;Pont de Molins;{'17135','Pont de Molins'},
17136;Pontós;{'17136','Pontós'},
17137;Porqueres;{'17137','Porqueres'},
17138;Portbou;{'17138','Portbou'},
17139;Preses, Les;{'17139','Preses, Les'},
17140;Port de la Selva, El;{'17140','Port de la Selva, El'},
17141;Puigcerdà;{'17141','Puigcerdà'},
17142;Quart;{'17142','Quart'},
17143;Rabós;{'17143','Rabós'},
17144;Regencós;{'17144','Regencós'},
17145;Ribes de Freser;{'17145','Ribes de Freser'},
17146;Riells i Viabrea;{'17146','Riells i Viabrea'},
17147;Ripoll;{'17147','Ripoll'},
17148;Riudarenes;{'17148','Riudarenes'},
17149;Riudaura;{'17149','Riudaura'},
17150;Riudellots de la Selva;{'17150','Riudellots de la Selva'},
17151;Riumors;{'17151','Riumors'},
17152;Roses;{'17152','Roses'},
17153;Rupià;{'17153','Rupià'},
17154;Sales de Llierca;{'17154','Sales de Llierca'},
17155;Salt;{'17155','Salt'},
17157;Sant Andreu Salou;{'17157','Sant Andreu Salou'},
17158;Sant Climent Sescebes;{'17158','Sant Climent Sescebes'},
17159;Sant Feliu de Buixalleu;{'17159','Sant Feliu de Buixalleu'},
17160;Sant Feliu de Guíxols;{'17160','Sant Feliu de Guíxols'},
17161;Sant Feliu de Pallerols;{'17161','Sant Feliu de Pallerols'},
17162;Sant Ferriol;{'17162','Sant Ferriol'},
17163;Sant Gregori;{'17163','Sant Gregori'},
17164;Sant Hilari Sacalm;{'17164','Sant Hilari Sacalm'},
17165;Sant Jaume de Llierca;{'17165','Sant Jaume de Llierca'},
17166;Sant Jordi Desvalls;{'17166','Sant Jordi Desvalls'},
17167;Sant Joan de les Abadesses;{'17167','Sant Joan de les Abadesses'},
17168;Sant Joan de Mollet;{'17168','Sant Joan de Mollet'},
17169;Sant Julià de Ramis;{'17169','Sant Julià de Ramis'},
17170;Vallfogona de Ripollès;{'17170','Vallfogona de Ripollès'},
17171;Sant Llorenç de la Muga;{'17171','Sant Llorenç de la Muga'},
17172;Sant Martí de Llémena;{'17172','Sant Martí de Llémena'},
17173;Sant Martí Vell;{'17173','Sant Martí Vell'},
17174;Sant Miquel de Campmajor;{'17174','Sant Miquel de Campmajor'},
17175;Sant Miquel de Fluvià;{'17175','Sant Miquel de Fluvià'},
17176;Sant Mori;{'17176','Sant Mori'},
17177;Sant Pau de Segúries;{'17177','Sant Pau de Segúries'},
17178;Sant Pere Pescador;{'17178','Sant Pere Pescador'},
17180;Santa Coloma de Farners;{'17180','Santa Coloma de Farners'},
17181;Santa Cristina d\'Aro;{'17181','Santa Cristina d\'Aro'},
17182;Santa Llogaia d\'Àlguema;{'17182','Santa Llogaia d\'Àlguema'},
17183;Sant Aniol de Finestres;{'17183','Sant Aniol de Finestres'},
17184;Santa Pau;{'17184','Santa Pau'},
17185;Sant Joan les Fonts;{'17185','Sant Joan les Fonts'},
17186;Sarrià de Ter;{'17186','Sarrià de Ter'},
17187;Saus, Camallera i Llampaies;{'17187','Saus, Camallera i Llampaies'},
17188;Selva de Mar, La;{'17188','Selva de Mar, La'},
17189;Cellera de Ter, La;{'17189','Cellera de Ter, La'},
17190;Serinyà;{'17190','Serinyà'},
17191;Serra de Daró;{'17191','Serra de Daró'},
17192;Setcases;{'17192','Setcases'},
17193;Sils;{'17193','Sils'},
17194;Susqueda;{'17194','Susqueda'},
17195;Tallada d\'Empordà, La;{'17195','Tallada d\'Empordà, La'},
17196;Terrades;{'17196','Terrades'},
17197;Torrent;{'17197','Torrent'},
17198;Torroella de Fluvià;{'17198','Torroella de Fluvià'},
17199;Torroella de Montgrí;{'17199','Torroella de Montgrí'},
17200;Tortellà;{'17200','Tortellà'},
17201;Toses;{'17201','Toses'},
17202;Tossa de Mar;{'17202','Tossa de Mar'},
17203;Ultramort;{'17203','Ultramort'},
17204;Ullà;{'17204','Ullà'},
17205;Ullastret;{'17205','Ullastret'},
17206;Urús;{'17206','Urús'},
17207;Vall d\'en Bas, La;{'17207','Vall d\'en Bas, La'},
17208;Vall de Bianya, La;{'17208','Vall de Bianya, La'},
17209;Vall-llobrega;{'17209','Vall-llobrega'},
17210;Ventalló;{'17210','Ventalló'},
17211;Verges;{'17211','Verges'},
17212;Vidrà;{'17212','Vidrà'},
17213;Vidreres;{'17213','Vidreres'},
17214;Vilabertran;{'17214','Vilabertran'},
17215;Vilablareix;{'17215','Vilablareix'},
17216;Viladasens;{'17216','Viladasens'},
17217;Viladamat;{'17217','Viladamat'},
17218;Vilademuls;{'17218','Vilademuls'},
17220;Viladrau;{'17220','Viladrau'},
17221;Vilafant;{'17221','Vilafant'},
17222;Vilaür;{'17222','Vilaür'},
17223;Vilajuïga;{'17223','Vilajuïga'},
17224;Vilallonga de Ter;{'17224','Vilallonga de Ter'},
17225;Vilamacolum;{'17225','Vilamacolum'},
17226;Vilamalla;{'17226','Vilamalla'},
17227;Vilamaniscle;{'17227','Vilamaniscle'},
17228;Vilanant;{'17228','Vilanant'},
17230;Vila-sacra;{'17230','Vila-sacra'},
17232;Vilopriu;{'17232','Vilopriu'},
17233;Vilobí d\'Onyar;{'17233','Vilobí d\'Onyar'},
17234;Biure;{'17234','Biure'},
17901;Cruïlles, Monells i Sant Sadurní de l\'Heura;{'17901','Cruïlles, Monells i Sant Sadurní de l\'Heura'},
17902;Forallac;{'17902','Forallac'},
17903;Sant Julià del Llor i Bonmatí;{'17903','Sant Julià del Llor i Bonmatí'},
25001;Abella de la Conca;{'25001','Abella de la Conca'},
25002;Àger;{'25002','Àger'},
25003;Agramunt;{'25003','Agramunt'},
25004;Alamús, Els;{'25004','Alamús, Els'},
25005;Alàs i Cerc;{'25005','Alàs i Cerc'},
25006;Albagés, L\';{'25006','Albagés, L\''},
25007;Albatàrrec;{'25007','Albatàrrec'},
25008;Albesa;{'25008','Albesa'},
25009;Albi, L\';{'25009','Albi, L\''},
25010;Alcanó;{'25010','Alcanó'},
25011;Alcarràs;{'25011','Alcarràs'},
25012;Alcoletge;{'25012','Alcoletge'},
25013;Alfarràs;{'25013','Alfarràs'},
25014;Alfés;{'25014','Alfés'},
25015;Algerri;{'25015','Algerri'},
25016;Alguaire;{'25016','Alguaire'},
25017;Alins;{'25017','Alins'},
25019;Almacelles;{'25019','Almacelles'},
25020;Almatret;{'25020','Almatret'},
25021;Almenar;{'25021','Almenar'},
25022;Alòs de Balaguer;{'25022','Alòs de Balaguer'},
25023;Alpicat;{'25023','Alpicat'},
25024;Alt Àneu;{'25024','Alt Àneu'},
25025;Naut Aran;{'25025','Naut Aran'},
25027;Anglesola;{'25027','Anglesola'},
25029;Arbeca;{'25029','Arbeca'},
25030;Pont de Bar, El;{'25030','Pont de Bar, El'},
25031;Arres;{'25031','Arres'},
25032;Arsèguel;{'25032','Arsèguel'},
25033;Artesa de Lleida;{'25033','Artesa de Lleida'},
25034;Artesa de Segre;{'25034','Artesa de Segre'},
25035;Sentiu de Sió, La;{'25035','Sentiu de Sió, La'},
25036;Aspa;{'25036','Aspa'},
25037;Avellanes i Santa Linya, Les;{'25037','Avellanes i Santa Linya, Les'},
25038;Aitona;{'25038','Aitona'},
25039;Baix Pallars;{'25039','Baix Pallars'},
25040;Balaguer;{'25040','Balaguer'},
25041;Barbens;{'25041','Barbens'},
25042;Baronia de Rialb, La;{'25042','Baronia de Rialb, La'},
25043;Vall de Boí, La;{'25043','Vall de Boí, La'},
25044;Bassella;{'25044','Bassella'},
25045;Bausen;{'25045','Bausen'},
25046;Belianes;{'25046','Belianes'},
25047;Bellcaire d\'Urgell;{'25047','Bellcaire d\'Urgell'},
25048;Bell-lloc d\'Urgell;{'25048','Bell-lloc d\'Urgell'},
25049;Bellmunt d\'Urgell;{'25049','Bellmunt d\'Urgell'},
25050;Bellpuig;{'25050','Bellpuig'},
25051;Bellver de Cerdanya;{'25051','Bellver de Cerdanya'},
25052;Bellvís;{'25052','Bellvís'},
25053;Benavent de Segrià;{'25053','Benavent de Segrià'},
25055;Biosca;{'25055','Biosca'},
25056;Bovera;{'25056','Bovera'},
25057;Bòrdes, Es;{'25057','Bòrdes, Es'},
25058;Borges Blanques, Les;{'25058','Borges Blanques, Les'},
25059;Bossòst;{'25059','Bossòst'},
25060;Cabanabona;{'25060','Cabanabona'},
25061;Cabó;{'25061','Cabó'},
25062;Camarasa;{'25062','Camarasa'},
25063;Canejan;{'25063','Canejan'},
25064;Castellar de la Ribera;{'25064','Castellar de la Ribera'},
25067;Castelldans;{'25067','Castelldans'},
25068;Castellnou de Seana;{'25068','Castellnou de Seana'},
25069;Castelló de Farfanya;{'25069','Castelló de Farfanya'},
25070;Castellserà;{'25070','Castellserà'},
25071;Cava;{'25071','Cava'},
25072;Cervera;{'25072','Cervera'},
25073;Cervià de les Garrigues;{'25073','Cervià de les Garrigues'},
25074;Ciutadilla;{'25074','Ciutadilla'},
25075;Clariana de Cardener;{'25075','Clariana de Cardener'},
25076;Cogul, El;{'25076','Cogul, El'},
25077;Coll de Nargó;{'25077','Coll de Nargó'},
25078;Corbins;{'25078','Corbins'},
25079;Cubells;{'25079','Cubells'},
25081;Espluga Calba, L\';{'25081','Espluga Calba, L\''},
25082;Espot;{'25082','Espot'},
25085;Estaràs;{'25085','Estaràs'},
25086;Esterri d\'Àneu;{'25086','Esterri d\'Àneu'},
25087;Esterri de Cardós;{'25087','Esterri de Cardós'},
25088;Estamariu;{'25088','Estamariu'},
25089;Farrera;{'25089','Farrera'},
25092;Floresta, La;{'25092','Floresta, La'},
25093;Fondarella;{'25093','Fondarella'},
25094;Foradada;{'25094','Foradada'},
25096;Fuliola, La;{'25096','Fuliola, La'},
25097;Fulleda;{'25097','Fulleda'},
25098;Gavet de la Conca;{'25098','Gavet de la Conca'},
25099;Golmés;{'25099','Golmés'},
25100;Gósol;{'25100','Gósol'},
25101;Granadella, La;{'25101','Granadella, La'},
25102;Granja d\'Escarp, La;{'25102','Granja d\'Escarp, La'},
25103;Granyanella;{'25103','Granyanella'},
25104;Granyena de Segarra;{'25104','Granyena de Segarra'},
25105;Granyena de les Garrigues;{'25105','Granyena de les Garrigues'},
25109;Guimerà;{'25109','Guimerà'},
25110;Guissona;{'25110','Guissona'},
25111;Guixers;{'25111','Guixers'},
25112;Ivars de Noguera;{'25112','Ivars de Noguera'},
25113;Ivars d\'Urgell;{'25113','Ivars d\'Urgell'},
25114;Ivorra;{'25114','Ivorra'},
25115;Isona i Conca Dellà;{'25115','Isona i Conca Dellà'},
25118;Juncosa;{'25118','Juncosa'},
25119;Juneda;{'25119','Juneda'},
25120;Lleida;{'25120','Lleida'},
25121;Les;{'25121','Les'},
25122;Linyola;{'25122','Linyola'},
25123;Lladorre;{'25123','Lladorre'},
25124;Lladurs;{'25124','Lladurs'},
25125;Llardecans;{'25125','Llardecans'},
25126;Llavorsí;{'25126','Llavorsí'},
25127;Lles de Cerdanya;{'25127','Lles de Cerdanya'},
25128;Llimiana;{'25128','Llimiana'},
25129;Llobera;{'25129','Llobera'},
25130;Maldà;{'25130','Maldà'},
25131;Massalcoreig;{'25131','Massalcoreig'},
25132;Massoteres;{'25132','Massoteres'},
25133;Maials;{'25133','Maials'},
25134;Menàrguens;{'25134','Menàrguens'},
25135;Miralcamp;{'25135','Miralcamp'},
25136;Molsosa, La;{'25136','Molsosa, La'},
25137;Mollerussa;{'25137','Mollerussa'},
25138;Montgai;{'25138','Montgai'},
25139;Montellà i Martinet;{'25139','Montellà i Martinet'},
25140;Montferrer i Castellbò;{'25140','Montferrer i Castellbò'},
25141;Montoliu de Segarra;{'25141','Montoliu de Segarra'},
25142;Montoliu de Lleida;{'25142','Montoliu de Lleida'},
25143;Montornès de Segarra;{'25143','Montornès de Segarra'},
25145;Nalec;{'25145','Nalec'},
25146;Navès;{'25146','Navès'},
25148;Odèn;{'25148','Odèn'},
25149;Oliana;{'25149','Oliana'},
25150;Oliola;{'25150','Oliola'},
25151;Olius;{'25151','Olius'},
25152;Oluges, Les;{'25152','Oluges, Les'},
25153;Omellons, Els;{'25153','Omellons, Els'},
25154;Omells de na Gaia, Els;{'25154','Omells de na Gaia, Els'},
25155;Organyà;{'25155','Organyà'},
25156;Os de Balaguer;{'25156','Os de Balaguer'},
25157;Ossó de Sió;{'25157','Ossó de Sió'},
25158;Palau d\'Anglesola, El;{'25158','Palau d\'Anglesola, El'},
25161;Conca de Dalt;{'25161','Conca de Dalt'},
25163;Coma i la Pedra, La;{'25163','Coma i la Pedra, La'},
25164;Penelles;{'25164','Penelles'},
25165;Peramola;{'25165','Peramola'},
25166;Pinell de Solsonès;{'25166','Pinell de Solsonès'},
25167;Pinós;{'25167','Pinós'},
25168;Poal, El;{'25168','Poal, El'},
25169;Pobla de Cérvoles, La;{'25169','Pobla de Cérvoles, La'},
25170;Bellaguarda;{'25170','Bellaguarda'},
25171;Pobla de Segur, La;{'25171','Pobla de Segur, La'},
25172;Ponts;{'25172','Ponts'},
25173;Pont de Suert, El;{'25173','Pont de Suert, El'},
25174;Portella, La;{'25174','Portella, La'},
25175;Prats i Sansor;{'25175','Prats i Sansor'},
25176;Preixana;{'25176','Preixana'},
25177;Preixens;{'25177','Preixens'},
25179;Prullans;{'25179','Prullans'},
25180;Puiggròs;{'25180','Puiggròs'},
25181;Puigverd d\'Agramunt;{'25181','Puigverd d\'Agramunt'},
25182;Puigverd de Lleida;{'25182','Puigverd de Lleida'},
25183;Rialp;{'25183','Rialp'},
25185;Ribera d\'Urgellet;{'25185','Ribera d\'Urgellet'},
25186;Riner;{'25186','Riner'},
25189;Rosselló;{'25189','Rosselló'},
25190;Salàs de Pallars;{'25190','Salàs de Pallars'},
25191;Sanaüja;{'25191','Sanaüja'},
25192;Sant Guim de Freixenet;{'25192','Sant Guim de Freixenet'},
25193;Sant Llorenç de Morunys;{'25193','Sant Llorenç de Morunys'},
25194;Sant Ramon;{'25194','Sant Ramon'},
25196;Sant Esteve de la Sarga;{'25196','Sant Esteve de la Sarga'},
25197;Sant Guim de la Plana;{'25197','Sant Guim de la Plana'},
25200;Sarroca de Lleida;{'25200','Sarroca de Lleida'},
25201;Sarroca de Bellera;{'25201','Sarroca de Bellera'},
25202;Senterada;{'25202','Senterada'},
25203;Seu d\'Urgell, La;{'25203','Seu d\'Urgell, La'},
25204;Seròs;{'25204','Seròs'},
25205;Sidamon;{'25205','Sidamon'},
25206;Soleràs, El;{'25206','Soleràs, El'},
25207;Solsona;{'25207','Solsona'},
25208;Soriguera;{'25208','Soriguera'},
25209;Sort;{'25209','Sort'},
25210;Soses;{'25210','Soses'},
25211;Sudanell;{'25211','Sudanell'},
25212;Sunyer;{'25212','Sunyer'},
25215;Talarn;{'25215','Talarn'},
25216;Talavera;{'25216','Talavera'},
25217;Tàrrega;{'25217','Tàrrega'},
25218;Tarrés;{'25218','Tarrés'},
25219;Tarroja de Segarra;{'25219','Tarroja de Segarra'},
25220;Térmens;{'25220','Térmens'},
25221;Tírvia;{'25221','Tírvia'},
25222;Tiurana;{'25222','Tiurana'},
25223;Torà;{'25223','Torà'},
25224;Torms, Els;{'25224','Torms, Els'},
25225;Tornabous;{'25225','Tornabous'},
25226;Torrebesses;{'25226','Torrebesses'},
25227;Torre de Cabdella, La;{'25227','Torre de Cabdella, La'},
25228;Torrefarrera;{'25228','Torrefarrera'},
25230;Torregrossa;{'25230','Torregrossa'},
25231;Torrelameu;{'25231','Torrelameu'},
25232;Torres de Segre;{'25232','Torres de Segre'},
25233;Torre-serona;{'25233','Torre-serona'},
25234;Tremp;{'25234','Tremp'},
25238;Vallbona de les Monges;{'25238','Vallbona de les Monges'},
25239;Valls de Valira, Les;{'25239','Valls de Valira, Les'},
25240;Vallfogona de Balaguer;{'25240','Vallfogona de Balaguer'},
25242;Verdú;{'25242','Verdú'},
25243;Vielha e Mijaran;{'25243','Vielha e Mijaran'},
25244;Vilagrassa;{'25244','Vilagrassa'},
25245;Vilaller;{'25245','Vilaller'},
25247;Vilamòs;{'25247','Vilamòs'},
25248;Vilanova de Bellpuig;{'25248','Vilanova de Bellpuig'},
25249;Vilanova de l\'Aguda;{'25249','Vilanova de l\'Aguda'},
25250;Vilanova de Meià;{'25250','Vilanova de Meià'},
25251;Vilanova de Segrià;{'25251','Vilanova de Segrià'},
25252;Vila-sana;{'25252','Vila-sana'},
25253;Vilosell, El;{'25253','Vilosell, El'},
25254;Vilanova de la Barca;{'25254','Vilanova de la Barca'},
25255;Vinaixa;{'25255','Vinaixa'},
25901;Vall de Cardós;{'25901','Vall de Cardós'},
25902;Sant Martí de Riucorb;{'25902','Sant Martí de Riucorb'},
25903;Guingueta d\'Àneu, La;{'25903','Guingueta d\'Àneu, La'},
25904;Castell de Mur;{'25904','Castell de Mur'},
25905;Ribera d\'Ondara;{'25905','Ribera d\'Ondara'},
25906;Valls d\'Aguilar, Les;{'25906','Valls d\'Aguilar, Les'},
25907;Torrefeta i Florejacs;{'25907','Torrefeta i Florejacs'},
25908;Fígols i Alinyà;{'25908','Fígols i Alinyà'},
25909;Vansa i Fórnols, La;{'25909','Vansa i Fórnols, La'},
25910;Josa i Tuixén;{'25910','Josa i Tuixén'},
25911;Plans de Sió, Els;{'25911','Plans de Sió, Els'},
25912;Gimenells i el Pla de la Font;{'25912','Gimenells i el Pla de la Font'},
25913;Riu de Cerdanya;{'25913','Riu de Cerdanya'},
43001;Aiguamúrcia;{'43001','Aiguamúrcia'},
43002;Albinyana;{'43002','Albinyana'},
43003;Albiol, L\';{'43003','Albiol, L\''},
43004;Alcanar;{'43004','Alcanar'},
43005;Alcover;{'43005','Alcover'},
43006;Aldover;{'43006','Aldover'},
43007;Aleixar, L\';{'43007','Aleixar, L\''},
43008;Alfara de Carles;{'43008','Alfara de Carles'},
43009;Alforja;{'43009','Alforja'},
43010;Alió;{'43010','Alió'},
43011;Almoster;{'43011','Almoster'},
43012;Altafulla;{'43012','Altafulla'},
43013;Ametlla de Mar, L\';{'43013','Ametlla de Mar, L\''},
43014;Amposta;{'43014','Amposta'},
43015;Arbolí;{'43015','Arbolí'},
43016;Arboç, L\';{'43016','Arboç, L\''},
43017;Argentera, L\';{'43017','Argentera, L\''},
43018;Arnes;{'43018','Arnes'},
43019;Ascó;{'43019','Ascó'},
43020;Banyeres del Penedès;{'43020','Banyeres del Penedès'},
43021;Barberà de la Conca;{'43021','Barberà de la Conca'},
43022;Batea;{'43022','Batea'},
43023;Bellmunt del Priorat;{'43023','Bellmunt del Priorat'},
43024;Bellvei;{'43024','Bellvei'},
43025;Benifallet;{'43025','Benifallet'},
43026;Benissanet;{'43026','Benissanet'},
43027;Bisbal de Falset, La;{'43027','Bisbal de Falset, La'},
43028;Bisbal del Penedès, La;{'43028','Bisbal del Penedès, La'},
43029;Blancafort;{'43029','Blancafort'},
43030;Bonastre;{'43030','Bonastre'},
43031;Borges del Camp, Les;{'43031','Borges del Camp, Les'},
43032;Bot;{'43032','Bot'},
43033;Botarell;{'43033','Botarell'},
43034;Bràfim;{'43034','Bràfim'},
43035;Cabacés;{'43035','Cabacés'},
43036;Cabra del Camp;{'43036','Cabra del Camp'},
43037;Calafell;{'43037','Calafell'},
43038;Cambrils;{'43038','Cambrils'},
43039;Capafonts;{'43039','Capafonts'},
43040;Capçanes;{'43040','Capçanes'},
43041;Caseres;{'43041','Caseres'},
43042;Castellvell del Camp;{'43042','Castellvell del Camp'},
43043;Catllar, El;{'43043','Catllar, El'},
43044;Sénia, La;{'43044','Sénia, La'},
43045;Colldejou;{'43045','Colldejou'},
43046;Conesa;{'43046','Conesa'},
43047;Constantí;{'43047','Constantí'},
43048;Corbera d\'Ebre;{'43048','Corbera d\'Ebre'},
43049;Cornudella de Montsant;{'43049','Cornudella de Montsant'},
43050;Creixell;{'43050','Creixell'},
43051;Cunit;{'43051','Cunit'},
43052;Xerta;{'43052','Xerta'},
43053;Duesaigües;{'43053','Duesaigües'},
43054;Espluga de Francolí, L\';{'43054','Espluga de Francolí, L\''},
43055;Falset;{'43055','Falset'},
43056;Fatarella, La;{'43056','Fatarella, La'},
43057;Febró, La;{'43057','Febró, La'},
43058;Figuera, La;{'43058','Figuera, La'},
43059;Figuerola del Camp;{'43059','Figuerola del Camp'},
43060;Flix;{'43060','Flix'},
43061;Forès;{'43061','Forès'},
43062;Freginals;{'43062','Freginals'},
43063;Galera, La;{'43063','Galera, La'},
43064;Gandesa;{'43064','Gandesa'},
43065;Garcia;{'43065','Garcia'},
43066;Garidells, Els;{'43066','Garidells, Els'},
43067;Ginestar;{'43067','Ginestar'},
43068;Godall;{'43068','Godall'},
43069;Gratallops;{'43069','Gratallops'},
43070;Guiamets, Els;{'43070','Guiamets, Els'},
43071;Horta de Sant Joan;{'43071','Horta de Sant Joan'},
43072;Lloar, El;{'43072','Lloar, El'},
43073;Llorac;{'43073','Llorac'},
43074;Llorenç del Penedès;{'43074','Llorenç del Penedès'},
43075;Margalef;{'43075','Margalef'},
43076;Marçà;{'43076','Marçà'},
43077;Mas de Barberans;{'43077','Mas de Barberans'},
43078;Masdenverge;{'43078','Masdenverge'},
43079;Masllorenç;{'43079','Masllorenç'},
43080;Masó, La;{'43080','Masó, La'},
43081;Maspujols;{'43081','Maspujols'},
43082;Masroig, El;{'43082','Masroig, El'},
43083;Milà, El;{'43083','Milà, El'},
43084;Miravet;{'43084','Miravet'},
43085;Molar, El;{'43085','Molar, El'},
43086;Montblanc;{'43086','Montblanc'},
43088;Montbrió del Camp;{'43088','Montbrió del Camp'},
43089;Montferri;{'43089','Montferri'},
43090;Montmell, El;{'43090','Montmell, El'},
43091;Mont-ral;{'43091','Mont-ral'},
43092;Mont-roig del Camp;{'43092','Mont-roig del Camp'},
43093;Móra d\'Ebre;{'43093','Móra d\'Ebre'},
43094;Móra la Nova;{'43094','Móra la Nova'},
43095;Morell, El;{'43095','Morell, El'},
43096;Morera de Montsant, La;{'43096','Morera de Montsant, La'},
43097;Nou de Gaià, La;{'43097','Nou de Gaià, La'},
43098;Nulles;{'43098','Nulles'},
43099;Palma d\'Ebre, La;{'43099','Palma d\'Ebre, La'},
43100;Pallaresos, Els;{'43100','Pallaresos, Els'},
43101;Passanant i Belltall;{'43101','Passanant i Belltall'},
43102;Paüls;{'43102','Paüls'},
43103;Perafort;{'43103','Perafort'},
43104;Perelló, El;{'43104','Perelló, El'},
43105;Piles, Les;{'43105','Piles, Les'},
43106;Pinell de Brai, El;{'43106','Pinell de Brai, El'},
43107;Pira;{'43107','Pira'},
43108;Pla de Santa Maria, El;{'43108','Pla de Santa Maria, El'},
43109;Pobla de Mafumet, La;{'43109','Pobla de Mafumet, La'},
43110;Pobla de Massaluca, La;{'43110','Pobla de Massaluca, La'},
43111;Pobla de Montornès, La;{'43111','Pobla de Montornès, La'},
43112;Poboleda;{'43112','Poboleda'},
43113;Pont d\'Armentera, El;{'43113','Pont d\'Armentera, El'},
43114;Porrera;{'43114','Porrera'},
43115;Pradell de la Teixeta;{'43115','Pradell de la Teixeta'},
43116;Prades;{'43116','Prades'},
43117;Prat de Comte;{'43117','Prat de Comte'},
43118;Pratdip;{'43118','Pratdip'},
43119;Puigpelat;{'43119','Puigpelat'},
43120;Querol;{'43120','Querol'},
43121;Rasquera;{'43121','Rasquera'},
43122;Renau;{'43122','Renau'},
43123;Reus;{'43123','Reus'},
43124;Riba, La;{'43124','Riba, La'},
43125;Riba-roja d\'Ebre;{'43125','Riba-roja d\'Ebre'},
43126;Riera de Gaià, La;{'43126','Riera de Gaià, La'},
43127;Riudecanyes;{'43127','Riudecanyes'},
43128;Riudecols;{'43128','Riudecols'},
43129;Riudoms;{'43129','Riudoms'},
43130;Rocafort de Queralt;{'43130','Rocafort de Queralt'},
43131;Roda de Berà;{'43131','Roda de Berà'},
43132;Rodonyà;{'43132','Rodonyà'},
43133;Roquetes;{'43133','Roquetes'},
43134;Rourell, El;{'43134','Rourell, El'},
43135;Salomó;{'43135','Salomó'},
43136;Sant Carles de la Ràpita;{'43136','Sant Carles de la Ràpita'},
43137;Sant Jaume dels Domenys;{'43137','Sant Jaume dels Domenys'},
43138;Santa Bàrbara;{'43138','Santa Bàrbara'},
43139;Santa Coloma de Queralt;{'43139','Santa Coloma de Queralt'},
43140;Santa Oliva;{'43140','Santa Oliva'},
43141;Pontils;{'43141','Pontils'},
43142;Sarral;{'43142','Sarral'},
43143;Savallà del Comtat;{'43143','Savallà del Comtat'},
43144;Secuita, La;{'43144','Secuita, La'},
43145;Selva del Camp, La;{'43145','Selva del Camp, La'},
43146;Senan;{'43146','Senan'},
43147;Solivella;{'43147','Solivella'},
43148;Tarragona;{'43148','Tarragona'},
43149;Tivenys;{'43149','Tivenys'},
43150;Tivissa;{'43150','Tivissa'},
43151;Torre de Fontaubella, La;{'43151','Torre de Fontaubella, La'},
43152;Torre de l\'Espanyol, La;{'43152','Torre de l\'Espanyol, La'},
43153;Torredembarra;{'43153','Torredembarra'},
43154;Torroja del Priorat;{'43154','Torroja del Priorat'},
43155;Tortosa;{'43155','Tortosa'},
43156;Ulldecona;{'43156','Ulldecona'},
43157;Ulldemolins;{'43157','Ulldemolins'},
43158;Vallclara;{'43158','Vallclara'},
43159;Vallfogona de Riucorb;{'43159','Vallfogona de Riucorb'},
43160;Vallmoll;{'43160','Vallmoll'},
43161;Valls;{'43161','Valls'},
43162;Vandellòs i l\'Hospitalet de l\'Infant;{'43162','Vandellòs i l\'Hospitalet de l\'Infant'},
43163;Vendrell, El;{'43163','Vendrell, El'},
43164;Vespella de Gaià;{'43164','Vespella de Gaià'},
43165;Vilabella;{'43165','Vilabella'},
43166;Vilallonga del Camp;{'43166','Vilallonga del Camp'},
43167;Vilanova d\'Escornalbou;{'43167','Vilanova d\'Escornalbou'},
43168;Vilanova de Prades;{'43168','Vilanova de Prades'},
43169;Vilaplana;{'43169','Vilaplana'},
43170;Vila-rodona;{'43170','Vila-rodona'},
43171;Vila-seca;{'43171','Vila-seca'},
43172;Vilaverd;{'43172','Vilaverd'},
43173;Vilella Alta, La;{'43173','Vilella Alta, La'},
43174;Vilella Baixa, La;{'43174','Vilella Baixa, La'},
43175;Vilalba dels Arcs;{'43175','Vilalba dels Arcs'},
43176;Vimbodí i Poblet;{'43176','Vimbodí i Poblet'},
43177;Vinebre;{'43177','Vinebre'},
43178;Vinyols i els Arcs;{'43178','Vinyols i els Arcs'},
43901;Deltebre;{'43901','Deltebre'},
43902;Sant Jaume d\'Enveja;{'43902','Sant Jaume d\'Enveja'},
43903;Camarles;{'43903','Camarles'},
43904;Aldea, L\';{'43904','Aldea, L\''},
43905;Salou;{'43905','Salou'},
43906;Ampolla, L\';{'43906','Ampolla, L\''},
43907;Canonja, La;{'43907','Canonja, La'},
